"lat","lng"
40.77939083,30.39368635
45.04147738,7.35109806
-7.79854,110.36722
7.062425,125.600832
14.46052819,120.98189615
35.65999324,139.69988882
35.64824269,139.70997004
50.83769804,0.47162795
14.46283811,120.96917132
41.91161477,-87.69662275
33.92704274,-118.393307
30.54305313,-97.84633158
30.54305313,-97.84633158
40.8310201,-75.0744766
41.02474622,28.97441509
-29.21198397,-51.34753701
26.13437245,50.56882142
30.58418109,-97.85761714
26.13437245,50.56882142
-23.55745407,-46.31713721
41.0791687,-73.85346844
21.32683333,-157.69216667
33.84904405,-118.14042304
-33.34983333,-70.29416667
40.8433594,-73.8569212
7.07188087,125.61501586
58.99785477,10.03372648
21.28629534,-157.67127514
1.29093262,103.84068344
-23.97113653,-46.35007381
1.29093262,103.84068344
38.40222675,27.16128938
33.61063221,-112.22033948
39.75446477,19.64471282
29.35467011,47.98093716
32.35554553,-64.66031573
40.60382539,-74.42325071
-39.81185739,-73.2473731
43.51633422,5.31370424
41.89633333,-8.87683333
41.00535028,28.9768374
28.9584847,-95.9660186
36.19949523,-115.26266975
38.7011658,35.53766701
38.7011658,35.53766701
51.48655315,-0.29625049
38.73551029,16.16128409
51.50719323,-0.1275444
51.4876602,-0.29416303
11.008745,-74.825534
4.69560195,-74.02890199
30.54305313,-97.84633158
14.61812453,121.06020135
4.69491694,-74.0305143
34.83007982,-82.30403423
32.34451015,-111.01839108
31.93230584,35.34102948
39.72307502,30.66755157
53.43145992,-1.26103998
41.03537653,28.99441937
40.58043799,-73.82559299
43.36136228,-5.84453432
52.59928118,-2.11714531
43.361348,-5.844472
40.58400693,-73.82424116
24.90898861,67.07958681
3.15744207,101.7121768
45.42945049,35.82328672
45.42945049,35.82328672
45.42743258,35.81730108
45.42743258,35.81730108
45.42743258,35.81730108
45.42743258,35.81730108
51.81054066,4.89130982
45.42743258,35.81730108
13.72020374,100.56818425
45.42743258,35.81730108
52.6620874,-8.6280466
45.42743258,35.81730108
41.08309937,29.00056964
12.83575817,99.99667748
30.31276459,-97.77132511
40.91983333,29.14383333
40.60837737,-73.81592631
45.20041656,5.83468962
39.76076018,-4.70732171
48.60116094,-2.82659814
-38.184624,144.321504
25.28985131,51.54780445
19.4508517,-70.69461823
50.51237586,30.49851894
39.72307502,30.66755157
53.30587188,-1.47635121
55.80321958,37.58318381
55.80321958,37.58318381
53.30658445,-1.4707026
53.30658445,-1.4707026
53.30587188,-1.47635121
53.30658445,-1.4707026
39.99988698,-82.99094267
53.30658445,-1.4707026
53.30658445,-1.4707026
53.30658445,-1.4707026
53.30658445,-1.4707026
43.36300414,-5.85370129
53.30658445,-1.4707026
-24.112552,-49.328581
43.36300414,-5.85370129
53.30658445,-1.4707026
53.30658445,-1.4707026
53.32712736,-2.24207984
14.52313206,121.00065186
53.30658445,-1.4707026
53.30658445,-1.4707026
53.32712736,-2.24207984
53.32712736,-2.24207984
-24.112552,-49.328581
53.30587188,-1.47635121
3.81784959,103.32612634
-23.63245466,-46.72150612
41.09964555,-80.67567847
22.31797222,114.17082778
37.03575554,27.42899895
43.361339,-5.844517
43.361348,-5.844472
43.361339,-5.844517
43.361348,-5.844472
43.361389,-5.844409
1.28430577,103.8608408
52.131724,11.6385235
-1.25771786,116.84394202
1.28416667,103.86083333
38.45257325,27.10882639
48.92562489,2.37868153
34.07732145,134.57651108
40.41663279,-3.70355129
20.09694539,-98.7779231
37.77721806,29.08358547
-8.67389991,115.15744686
-6.89033791,109.67699997
36.85674181,30.89198712
13.04314228,77.56641135
29.48306156,-98.57856818
51.41599149,-1.72740664
52.24906381,0.71833798
37.5195798,127.0233901
43.390267,-5.802133
14.56424532,120.99506774
37.51952947,127.12254524
53.91713299,-1.14268303
1.28618287,103.85017207
-6.23975119,106.62896633
14.52185727,121.01762295
35.71548604,139.85973089
3.06907685,101.58733997
2.99044167,101.44883752
3.10735265,101.71581727
35.527798,139.697224
41.80944731,12.55781857
35.63692106,139.69315323
25.31784338,51.43652916
51.53077313,-0.12338161
32.76540658,-97.49176903
39.94736054,116.47091617
39.9473527,116.4700461
39.9473527,116.4700461
39.9473527,116.4700461
39.9473527,116.4700461
34.18934852,-118.42601728
15.22617757,120.57971277
35.71548464,139.85973286
16.97966554,96.14800997
3.12893637,101.6702995
39.73813334,-75.60596687
35.63694663,139.69306991
35.62714588,139.73795593
-0.28482252,-78.53392898
14.61167,121.0212
33.37258511,-86.80324263
3.08961329,101.50775735
-6.88776,107.59594
41.5796268,25.13358859
40.30945822,-75.12957107
35.71547681,139.85973852
4.9944164,100.65999985
48.88840135,2.39933125
35.97353036,139.5884496
29.89107675,-95.58432419
35.63694173,139.69308479
40.75099148,-73.98887973
40.75099148,-73.98887973
30.31276459,-97.77132511
41.72679628,-71.49250538
37.35676649,27.28430243
33.96842759,-118.45719738
17.63610074,121.7219049
55.71028613,37.54399538
10.31487767,123.9004004
29.29425563,48.01163913
19.42558821,-99.06839463
39.84465276,-75.36777335
14.46052819,120.98189615
38.64349637,0.07265335
-20.33451419,-40.29992544
53.00982586,-2.17975616
53.00982586,-2.17975616
35.71370129,139.77629809
40.73228891,-74.01051196
-0.10416667,-78.49766667
35.58247285,-78.7622127
-0.10416667,-78.49766667
29.8280086,-95.37690446
14.5063619,120.99472047
48.21727298,16.38321624
-26.22418049,-48.80163849
41.02634115,28.97414446
3.04705417,101.58736557
21.4219904,39.82539654
-34.59558395,-58.36924737
42.65083333,-5.21466667
44.10629214,-93.19018564
29.8280086,-95.37690446
-23.77782675,-45.35842379
-24.32350108,-46.99669364
29.8280086,-95.37690446
-23.63906422,-46.62645833
-23.50128349,-46.69845406
-13.00333958,-38.53188068
48.86393839,2.28573561
-23.55326957,-46.65875895
-23.55577386,-46.69008043
-23.50486414,-46.83402771
-23.55069061,-46.63314343
-12.65118375,-38.06994438
41.41407258,2.15237617
-23.63245466,-46.72150612
-23.63245466,-46.72150612
-23.63245466,-46.72150612
-23.63245466,-46.72150612
-23.63245466,-46.72150612
-23.63245466,-46.72150612
-6.88968625,107.59632334
37.4075654,-5.9370654
44.14369849,-115.30963582
41.00726912,28.97807121
49.04435231,-118.2135129
38.28725481,26.38086089
33.992044,-118.448875
43.62296664,-79.37810898
-24.11390893,-49.33671784
41.842402,-8.406573
46.5652573,30.88050004
41.15151735,-81.3625606
51.41596253,-1.72738319
37.38361587,-5.95228618
40.75648987,-73.98626804
42.30328924,-83.23380858
41.05553066,37.4726287
51.32611755,-2.83472796
45.81077724,15.78865457
39.56702529,26.85278325
10.29795698,123.98299059
10.32250815,123.89809325
14.65501496,121.01998462
-16.65114493,-49.29125036
10.67503656,-71.61116779
25.40052487,55.4687332
32.59477638,-110.72454179
-6.23615566,106.72677652
42.47651568,-83.15875745
42.47922504,-83.16130147
56.95463767,24.12055032
35.01105,137.0455
35.01105,137.0455
49.37266667,28.51033333
14.5063619,120.99472047
-3.34737417,114.62218659
14.45207441,120.97707023
30.09448996,31.62824443
14.56144785,120.99446842
-1.42869575,-48.46380027
30.31276459,-97.77132511
18.2356789,120.6056381
-6.22398561,106.7990479
-15.83537027,-48.01853744
4.35232235,100.96215897
-18.487322,-70.305944
53.48080266,-2.23507034
60.19014455,24.91753123
44.96303,6.51409
59.124198,37.961664
42.30965942,-71.37714031
-34.95867013,138.60300988
40.718456,17.372392
3.08986207,101.48503085
3.08986207,101.48503085
28.65636633,77.23081284
35.66751669,139.70610819
1.85867428,102.9222513
38.78346933,16.29294336
50.47279512,16.18469403
52.98765881,5.9665851
36.96882099,27.29278564
-6.95569361,110.39362907
39.9795537,-0.06364283
52.65371201,4.80494499
13.95299423,122.29698479
24.23262321,55.69089785
34.91420678,137.00767482
14.09485932,120.93838307
53.48379841,-2.05338474
16.87931824,96.15869904
14.68753129,121.03662471
46.01650319,11.90960535
14.62544014,121.07462686
35.67116875,139.70764697
3.58221288,98.67142294
48.85544,2.298975
3.58221288,98.67142294
3.58221288,98.67142294
13.90377412,100.52846619
54.10801486,-6.26015428
40.75099148,-73.98887973
40.75099148,-73.98887973
40.75099148,-73.98887973
40.1438467,-3.97253776
38.45578229,27.09543073
38.34002374,26.38699399
38.34002374,26.38699399
50.50757251,30.40897608
44.83985125,-0.58600081
40.75099148,-73.98887973
35.73258079,139.71503431
-7.27436853,112.79112515
35.63693921,139.69310761
40.75696608,-73.99850087
21.13958793,-86.83731079
33.38040505,-111.78543496
14.53764983,120.98130518
35.63690874,139.69317555
35.5998031,139.612615
35.71552833,139.85967585
4.72142985,-74.22240773
14.45207441,120.97707023
33.35487134,-111.78966522
35.45466392,139.39813245
41.79078479,-87.58305073
33.60457913,133.68670271
26.41017498,-81.416455
35.13328208,-80.70747279
40.99774898,28.83659358
35.73258079,139.71503431
35.73258079,139.71503431
14.76962892,121.07901336
35.71552507,139.85968022
37.78447695,-122.40634498
33.63105398,-117.8055062
-15.78873952,-47.85191735
-23.41821837,-46.78187523
-23.41821837,-46.78187523
-23.41821837,-46.78187523
-23.59314015,-46.84826299
-23.82087389,-45.37504309
-23.775312,-45.357024
-23.82087389,-45.37504309
-23.82087681,-45.37510735
-22.48233333,-44.4895
-23.82087389,-45.37504309
-23.77878672,-45.35820811
-23.77782675,-45.35842379
-23.80997536,-45.36533516
-23.77782675,-45.35842379
-23.7903124,-45.36355734
-23.82087681,-45.37510735
-23.82005506,-45.36872864
-24.30321336,-46.97133782
-24.32350108,-46.99669364
-23.55011033,-46.63136244
-23.5568764,-46.6352124
-23.63906422,-46.62645833
-23.63906422,-46.62645833
-23.63906422,-46.62645833
-23.63906422,-46.62645833
-23.63906422,-46.62645833
-23.50128349,-46.69845406
-23.54368777,-46.63258553
-23.33270029,-46.68643355
-23.33118223,-46.68543897
-23.48311775,-46.87360124
-23.52627738,-46.68134809
-13.00458632,-38.53300918
-13.00458632,-38.53300918
-12.97375859,-38.50937328
-12.91451584,-38.35310358
-12.577635,-38.007457
-23.532055,-47.088425
-23.532055,-47.088425
-23.57669564,-47.13912265
45.98923678,-66.65035103
-12.57793665,-38.00381184
-12.95408526,-38.35245987
-23.52352958,-46.65989979
-23.5615,-46.695
10.768683,106.694191
-23.5615,-46.695
-23.5615,-46.695
-23.48311775,-46.87360124
-23.48916491,-46.69856258
-23.54261526,-46.19200183
-23.55069061,-46.63314343
-23.36405378,-46.02823272
-23.48916491,-46.69856258
53.56108629,9.96737677
-23.58035446,-46.77224972
-23.58035446,-46.77224972
-23.54949566,-46.57047432
-23.54949566,-46.57047432
-23.54949566,-46.57047432
-23.54949566,-46.57047432
-23.54949566,-46.57047432
-23.54949566,-46.57047432
-23.48311775,-46.87360124
-23.48311775,-46.87360124
28.56283206,77.1195817
37.77485,-122.420862
15.18789331,120.54930925
37.77485,-122.420862
35.83343924,138.39098953
18.51396,-69.85331
35.83343562,138.39100293
28.38705903,-81.49813862
11.01401361,-74.82824564
-34.62335589,-58.36377147
40.74606447,-73.99055263
43.63110544,-79.42308426
14.45395814,120.97566415
53.45928426,-3.02501678
40.90952343,-73.78327847
45.97279777,-89.88855076
19.34540972,-99.17007012
14.31099606,121.09400177
22.28780833,114.14203889
29.30324268,47.93622561
51.50967731,-0.13374567
38.80735453,-90.91658048
40.21931189,-85.45878824
37.78912635,-122.40222963
36.79240374,-76.16727948
40.75726193,-73.9968574
41.44019434,2.19842089
40.76072425,-73.99894849
45.04147738,7.35109806
41.00511381,28.62592921
41.00511381,28.62592921
41.83216465,-87.79686385
47.28356738,-2.23351679
38.04677079,-1.08450831
50.77529284,5.72568422
-19.96770192,-44.19679642
6.13857,100.37008
19.7713855,-97.55576051
6.02814,102.41201
39.75773667,30.53225
43.12007625,-79.06474499
35.16666794,-80.71099854
40.77527899,-73.97253297
42.59274279,-5.57736397
53.39064854,-2.89356709
41.04403208,28.91296864
36.24951426,-115.17075103
43.4796402,-83.97547407
14.56144785,120.99446842
40.76726681,-73.97624497
50.53580699,30.15982091
41.02672966,28.98021698
18.41502685,-66.17184872
40.9160841,38.33074466
-6.23416255,106.82847977
52.90361472,-1.36859723
-16.65114493,-49.29125036
19.29684595,-70.25770783
39.33219539,26.65687523
41.7623337,-87.68837186
53.84108415,9.40684422
39.33219539,26.65687523
-8.0533451,-34.88453245
14.16495059,121.24137282
56.32320313,44.00648311
45.82174155,16.0160923
53.2065234,5.78896051
25.84445709,49.57959585
45.72904046,8.43870431
-6.20365865,106.81867361
53.44566914,-1.93680421
40.63366229,-73.90709686
14.60962135,121.07912145
11.40840338,-69.68173027
24.46996514,54.34925858
58.18455692,8.14681292
40.76794183,29.94640695
35.58529754,139.68236446
40.22250115,-73.99832726
47.04330681,-0.87054733
51.32893381,5.97164344
-16.65114493,-49.29125036
0.53252884,101.44814014
14.44850887,120.98134999
14.44850887,120.98134999
57.73341737,12.92849159
-6.89768838,107.53718724
33.90570425,-84.37961599
41.36234792,2.15250492
-3.00850282,104.81863515
52.51571161,13.45404625
53.96380898,27.53604154
20.45494068,99.8880994
10.30094719,123.9828134
41.8927393,12.42342557
19.90178212,99.82469147
51.04889468,13.72208476
48.33793125,39.95369418
45.89550781,12.2957983
44.62273154,-110.56104183
45.44245349,10.94979974
46.78943032,-105.30556668
46.87826317,-99.75169121
-0.92263,119.88943
35.83345127,138.39102292
35.83346025,138.39102783
35.73263803,139.71503431
-33.45058235,-70.64634726
49.26163505,-122.88730192
32.75497853,-117.12977171
35.71545256,139.85977133
45.03424024,41.98078145
10.34056948,123.91291851
24.13874588,55.70207862
14.55133333,121.027
35.73263803,139.71503431
3.15978112,101.72661593
43.746454,-79.47905
40.75711,-73.997287
3.12036949,101.7312538
24.78319038,46.67121459
36.37573324,-79.73009118
41.62886119,-86.31332693
16.87931824,96.15869904
45.39964122,-65.96314922
36.7903371,-5.5552986
16.87931824,96.15869904
35.83343032,138.39101223
35.83344815,138.39101919
1.35668473,103.98847103
34.138005,-118.35354567
42.70666667,-83.379
34.25349317,-86.21111942
34.65602013,135.14415801
10.96085166,-74.78636983
41.842263,-8.406575
-7.974776,112.926837
40.88881474,-74.25970433
56.36981134,38.14443252
5.01578589,100.5416307
55.67172941,37.5157893
32.67929871,-117.17936039
41.96906198,-87.76128665
21.14584758,-86.84753346
42.35892446,-71.0273838
42.84725045,-73.74808906
10.49237982,-66.78003073
56.81717379,60.59364438
39.76964051,3.02561064
10.96552248,-74.79233185
41.00375291,28.98201577
-8.01373461,112.9453218
42.70221287,-83.29954147
-6.22933935,106.73812366
39.44655,-77.441864
57.28207603,-2.38271168
40.8845956,17.1665759
34.0809309,-117.71984696
41.50354759,2.3636055
38.735635,16.16159141
42.58004686,-83.07125598
34.41762466,-119.86965551
41.0185,28.8725
41.179249,29.612516
35.19149516,-111.64349556
51.50719323,-0.1275444
47.19417283,-1.52796932
38.94697724,-92.32303127
41.03764774,28.98957629
53.35841315,-6.26270976
2.2080569,102.2661184
-7.93060432,112.95450377
42.36650312,-71.01667643
-33.52435785,-70.62051464
40.22896526,28.84787765
-16.65114493,-49.29125036
40.67141436,-74.29115449
53.37686225,-1.49262719
52.48854219,-1.96636833
48.33693412,39.93965441
37.6584539,-122.1137236
45.42671376,12.35985059
46.83427587,29.58981271
53.39498064,-1.5272893
50.10677037,14.26872007
26.26319984,50.63016634
3.15709927,101.61112458
37.53106465,126.98147102
29.325459,48.015518
41.06310965,28.99231911
11.5974153,122.7450663
24.22307894,55.7212922
27.13027509,49.56906749
40.15135653,26.40082171
-6.20133254,106.7828652
46.95830268,1.99442365
10.29790493,123.98343443
45.45866797,9.17156277
28.64281868,77.21872085
10.31040152,123.89647007
49.061974,2.175381
45.47863298,-73.59596034
10.61256637,122.93379865
29.4895,81.13166667
46.62303332,-0.34805531
14.5007053,121.0629226
18.39008109,-66.18344106
14.56064549,120.99310175
40.7588641,-73.99594714
10.837971,106.621085
-23.96484254,-46.36247635
35.46409548,139.62297499
56.91323079,59.92842712
56.91347133,59.92836005
42.59842128,-5.56895028
14.45982296,120.97719669
-6.20329196,106.82163158
35.66199298,139.73300062
-6.22479826,106.80424333
35.60719886,139.50536724
46.10911147,13.15266969
3.11466667,101.66233333
16.40887772,120.59956429
23.56785281,58.16736674
31.9660281,35.9116263
49.49275567,11.08851198
38.11842934,20.62849548
40.1438467,-3.97253776
35.73272835,139.71503431
35.73272835,139.71503431
40.1438467,-3.97253776
32.46185731,-86.45730651
35.63695116,139.69314772
-2.14745115,-79.93225457
4.89813097,100.74281573
29.804738,-95.450776
22.88636703,-109.91157244
41.75980434,-72.67250857
55.75294377,37.63239697
52.57928176,-1.64406809
38.55474173,-121.73664444
3.02174473,101.54411308
36.262863,138.89998151
39.45848925,-86.41133954
35.5997721,139.6125918
33.52006005,-117.7640522
18.551001,-69.8577953
47.59500262,122.3316991
49.27682628,-123.0714753
41.29448006,-84.36791304
35.73213682,139.71503233
35.73109326,139.71498616
-6.91955788,107.61573758
27.70659694,-97.37119518
-16.65114493,-49.29125036
50.43909806,-124.51364335
-16.65114493,-49.29125036
35.5997844,139.6125773
4.64138906,-74.05938719
-34.65265319,-58.37596178
-16.65114493,-49.29125036
37.38187448,-119.64397123
-16.65114493,-49.29125036
-16.65114493,-49.29125036
36.85096618,-75.97656186
-16.65114493,-49.29125036
-16.65114493,-49.29125036
24.13874588,55.70207862
-2.170164,-79.91001
37.58248286,-84.79108269
42.15230481,14.49529874
37.58248286,-84.79108269
-24.11229929,-49.32725386
41.94146263,12.51723004
50.4548023,30.44571168
34.93741163,-95.76149103
-12.936186,-38.39538479
-34.612054,-58.365666
41.29035143,-81.3185677
37.03452225,27.43111789
52.3473875,0.2127025
40.75330051,-73.91447971
14.46052819,120.98189615
41.86155999,-87.7929645
25.29315863,51.50231302
38.99472357,-77.41051245
45.98923678,-66.65035103
39.4503355,-0.4036282
18.46471214,-66.11351013
-0.10416667,-78.49766667
43.1738057,-75.7311687
-2.170164,-79.91001
37.71704723,-1.17858422
25.26794493,51.55900955
32.71771674,-97.08464708
33.99440833,-117.75908961
47.18256075,19.31330435
28.7207646,-81.33454361
-2.170164,-79.91001
25.11734643,55.20020108
41.08815967,28.9706228
53.46290603,-2.29120731
53.472204,-2.298706
55.74025683,37.62383223
53.472204,-2.298706
53.472204,-2.298706
-2.170164,-79.91001
53.472204,-2.298706
53.472204,-2.298706
53.47093228,-2.2931154
53.472204,-2.298706
53.472204,-2.298706
32.33881493,-86.18028823
53.472204,-2.298706
53.47085752,-2.29509115
53.47144504,-2.29506969
40.70294819,0.58108427
53.40178828,-1.49927484
25.21628043,55.40869262
53.30653813,-1.47066711
53.30653813,-1.47066711
53.30653813,-1.47066711
53.30653813,-1.47066711
53.30653813,-1.47066711
53.30587188,-1.47635121
40.79929172,29.43749492
53.30653813,-1.47066711
53.30653813,-1.47066711
53.30653813,-1.47066711
53.30653813,-1.47066711
53.30653813,-1.47066711
21.54913752,39.15151834
38.79520661,16.21103105
38.79520661,16.21103105
33.738,-117.9195
16.86142443,-99.88290641
42.597322,-5.566423
49.17687437,-0.35473963
49.17687437,-0.35473963
49.17687437,-0.35473963
40.51509186,-74.63397169
40.10590963,29.12359127
51.95647318,5.90680576
53.30653813,-1.47066711
53.30653813,-1.47066711
53.30653813,-1.47066711
53.30653813,-1.47066711
53.30653813,-1.47066711
25.21620116,55.4078722
25.12498657,55.42681102
14.63429592,121.03402797
53.30653813,-1.47066711
37.37709746,-5.9869051
21.57294842,39.12835821
37.38447683,-5.99170872
26.1325,50.567
40.756058,-73.9789584
37.38618536,-5.99255919
26.1325,50.567
53.30653813,-1.47066711
34.86825952,-82.49931333
53.30653813,-1.47066711
37.7490454,-122.19149726
53.30653813,-1.47066711
53.30653813,-1.47066711
53.30653813,-1.47066711
53.3065701,-1.47074221
53.30653813,-1.47066711
53.3065701,-1.47074221
53.3065701,-1.47074221
53.3065701,-1.47074221
53.3065701,-1.47074221
56.90138248,60.59778131
53.3065701,-1.47074221
46.94850563,7.4363743
53.3065701,-1.47074221
53.3065701,-1.47074221
53.3065701,-1.47074221
53.3065701,-1.47074221
53.3065701,-1.47074221
53.3065701,-1.47074221
53.3065701,-1.47074221
35.46474212,139.6170044
14.5768242,121.05630242
41.87411263,3.06538906
-24.11261743,-49.32859656
39.5862805,2.658618
50.45201556,30.48731139
50.44881468,30.62439438
53.30587188,-1.47635121
53.30587188,-1.47635121
53.30587188,-1.47635121
53.31197401,-1.46047354
35.52266667,44.38883333
53.30587188,-1.47635121
53.30587188,-1.47635121
41.04456209,28.98689032
-37.82091769,145.0537685
45.04655802,41.96956605
41.08633895,29.00810082
51.43211165,-0.50276985
5.8157115,100.74584961
53.483938,-2.326538
53.80925282,-3.05506176
53.35418877,-2.28421211
40.75023,-73.99153
53.48030158,-2.23984838
53.79971425,-3.05558931
53.79971425,-3.05558931
-2.66880954,111.64085249
53.79971425,-3.05558931
53.23540251,-1.42759959
51.52843705,-0.13402462
53.30587188,-1.47635121
53.30587188,-1.47635121
53.30587188,-1.47635121
53.30587188,-1.47635121
53.30587188,-1.47635121
37.19309923,-7.42777427
53.30587188,-1.47635121
50.49306196,4.16025893
53.30587188,-1.47635121
45.84343955,6.61399761
37.5212155,127.02220285
-34.60290256,-58.38319735
-24.1134533,-49.33357622
-34.60290256,-58.38319735
49.37266667,28.51033333
14.46052819,120.98189615
13.89392231,100.55186969
-7.27436853,112.79112515
59.91319252,30.317581
41.05617378,29.01851339
39.7696441,3.0256501
38.72649006,35.52806102
10.60919529,122.9381321
35.71547242,139.85975068
38.79520661,16.21103105
35.63689438,139.69319733
38.67731187,15.89644711
32.9456647,-117.09130185
28.64281868,77.21872085
33.56628508,-117.66360278
19.09488881,72.87446022
-7.272936,112.785402
42.01020014,-93.6729359
-19.76157272,-47.91298745
11.414066,-69.678838
34.09062511,-118.38603258
39.4708439,-104.91103109
35.14004811,-81.86435835
50.46756347,-104.65378585
27.96545375,-82.47903793
-2.14465674,106.09630826
41.93525199,-87.70526918
-0.28522836,-78.53709477
50.43909806,-124.51364335
41.67362793,-91.5650849
-0.28522836,-78.53709477
37.48901181,-77.52788273
-0.28522836,-78.53709477
-0.28522836,-78.53709477
38.01957845,-87.5721018
42.35892446,-71.0273838
47.69146394,-121.91544305
-23.66651009,-46.79345579
-6.90450994,107.61766233
-9.57678386,-35.76798214
-9.57678386,-35.76798214
-9.57678386,-35.76798214
18.38591327,-66.09658459
-24.112405,-49.328353
29.31707764,48.03087017
44.4554622,-80.20080656
53.68434407,-1.79553693
5.11077162,100.4862012
-0.28264293,-78.53496211
59.27717359,10.49291602
-9.57678386,-35.76798214
11.00269807,-74.8004692
41.80495704,-72.24423601
14.58278635,120.98443648
-9.57678386,-35.76798214
-9.57678386,-35.76798214
23.03186594,-109.71749955
40.75966667,-73.92483333
41.01638553,28.97567148
28.44534,-81.39426
37.04594081,-119.77752834
40.735245,14.566326
58.24463165,25.59301196
45.70399907,9.66297888
40.75228629,-73.99808195
-8.69883333,115.16266667
25.11846656,55.19861698
52.29754781,-0.5849476
-23.49767538,-46.64452136
37.66074504,-8.77452073
36.86985889,30.72924723
52.9146764,-1.13822412
38.46709767,27.07499027
34.11470816,-118.16536102
-22.73366636,-47.34999543
25.21620116,55.4078722
51.50849,-0.167862
52.98094346,-1.14332917
17.03967399,-96.71014634
45.18741,5.71191
-23.4285989,-46.48246765
42.65083333,-5.21466667
-5.12559193,119.3438724
25.19729028,55.27620375
37.13419375,-8.45441549
47.5731239,-122.13748798
-23.4285989,-46.48246765
25.26717882,55.29670095
51.42872416,-0.11108014
22.48921638,88.39277193
28.30346475,-81.59774076
51.49100972,0.04716762
52.9218254,-1.4714661
40.96325215,29.0586042
42.35892446,-71.0273838
39.05770523,-77.08218919
18.45833588,-69.92351532
52.28433758,5.1549038
3.08434512,101.55004734
17.93828577,-66.95497064
41.06315682,28.1014405
53.65785216,-2.98250475
24.160194,55.807622
51.46270362,5.76955729
41.049637,28.99365613
-6.91965217,107.61255282
35.78208989,-83.54592588
50.8514659,-0.98574604
54.966953,41.430165
-6.231272,106.809322
-7.07864442,-41.46278964
40.98926741,28.8717723
-2.6687637,111.64103751
25.11448852,55.20353615
-6.25695282,106.85486019
-16.65114493,-49.29125036
52.1485836,4.76999789
-8.0533451,-34.88453245
-24.1134533,-49.33357622
49.94453754,40.54081637
-3.35869813,114.63720653
14.29089088,121.04326078
-6.29163477,106.80017127
35.63687726,139.69319366
1.51048259,103.70622723
41.08448525,-80.70371375
51.00907716,-2.23731814
14.58499556,121.05680466
35.83347006,138.3910352
53.59072567,-2.5770664
-6.22238967,106.79827019
10.29853681,123.96474838
37.5362317,127.12608703
16.69480263,121.546648
45.3930873,10.71424953
14.46052819,120.98189615
13.77167516,100.57201466
45.190534,5.733178
-6.91965217,107.61255282
13.74665942,100.53940773
38.72649006,35.52806102
38.26080704,140.8739624
38.72649006,35.52806102
29.32737093,48.03384947
45.4260033,12.36085581
25.71942176,32.65343289
25.70197481,32.64179448
-7.43035236,111.00534588
43.6766251,10.54893494
48.76628109,-122.45991357
35.32795407,139.40702092
35.32768631,139.40481567
37.58248286,-84.79108269
35.83346182,138.39105253
41.72345095,-89.25759518
43.62896601,-79.41468358
51.44334302,0.08489099
42.45932303,-71.08074052
-24.11229929,-49.32725386
18.02154754,-66.57110035
35.73122835,139.71414653
41.22691956,-96.04941356
35.80903524,-78.3973534
17.61290731,121.72948122
45.4260033,12.36085581
-26.09166844,28.08098419
52.45369981,-2.06856713
40.71700451,30.37237407
37.51952947,127.12254524
40.18338734,-74.01101079
22.92001548,72.65495806
35.65991081,139.69997818
37.72232892,27.25416321
-34.6109596,-58.44587358
14.54977831,121.04693354
40.75120348,-73.99344706
38.9832995,-1.8543593
38.05272647,-84.44990753
-24.02812133,-46.49757385
51.50321309,-0.05772114
42.63454755,-83.6215545
35.66002947,139.69981062
-6.24448438,106.85738984
51.41676634,-116.21599674
-4.3048,15.31118
39.75708206,19.64705874
55.7524079,37.62691051
-7.5215795,110.5982313
25.40844694,55.47070932
-6.9635975,107.627451
53.89917711,27.5599288
25.52306918,55.71560147
41.87647003,12.54701317
25.24596986,55.31514017
18.35395576,-65.76801341
-18.79056076,-52.61463549
40.75711,-73.997287
35.360477,138.72756377
22.59859849,88.40472414
10.31281564,123.91898629
51.15150139,-114.11174674
-24.11390893,-49.33671784
-22.82615252,-43.31176229
51.49737554,-0.13383809
25.37109487,51.53986931
-1.4478367,-48.47241302
51.210955,-116.0732945
46.333869,-0.474455
36.18278736,-94.51684741
45.42743258,35.81312727
45.42743258,35.81312727
16.82365799,96.14039367
10.31152042,123.91818523
43.390267,-5.802133
34.91430283,137.00778198
45.4296609,35.81690978
-6.3479912,106.80471045
51.9489384,-1.95754919
-22.22031611,-54.8283232
34.75603004,32.41594683
38.03500094,-84.90847226
-34.57101338,-58.42208137
45.89039993,6.13940001
21.42219855,39.82596887
35.73129241,139.71426971
35.65992647,139.69995503
35.65992647,139.69995503
41.03132277,28.93893778
-6.348082,106.804825
-38.74509679,-72.95200825
14.53407287,121.02689432
41.06971503,28.92159797
2.99437435,101.81977026
39.25519898,-75.82831509
-23.5720201,-46.71058626
19.06565,72.83789
-22.91230988,-43.23025703
-23.9600189,-46.33385181
35.16666794,-80.71099854
36.72537289,34.50438979
12.57536736,-70.0450427
12.57536736,-70.0450427
-23.52396713,-46.81621509
14.60320677,121.05103254
51.78500239,-0.04124276
61.53221654,-149.82844192
14.57857993,120.98976343
12.76814174,100.93317455
35.65994486,139.69992826
35.65997206,139.69991916
54.67709474,-1.21249697
54.67705984,-1.21258719
45.36472414,36.49947975
45.38123901,36.52181091
45.38123901,36.52181091
39.074456,1.590853
1.496666,103.681956
36.1963457,29.645627
25.40829273,55.46621937
3.63540616,98.87901306
-6.2346343,106.62952467
40.545097,14.234971
39.95052914,-75.14994061
45.43137525,35.82043166
59.337501,17.999505
51.54033329,-0.65771641
30.84032335,-83.31857469
14.56514218,121.03620529
42.35892446,-71.0273838
45.88674932,10.840223
43.11976255,131.89966761
37.936278,23.947143
10.26933333,-67.587
43.51820035,-5.66758825
54.73670353,-6.23708234
9.13036075,124.67667836
38.36386988,140.66841439
2.70380637,101.89487537
-6.25050168,107.00417519
37.559127,126.993644
37.80237528,-122.40582705
27.52503884,-97.88630244
24.16620305,55.71894588
37.03034721,28.09754832
51.81207497,-0.04436206
50.619708,5.5781568
41.37502129,2.14915752
13.7365067,100.50829233
13.7365067,100.50829233
30.54295837,-97.84631356
41.0071802,28.97916769
40.55104615,14.24282752
43.51028495,16.4367022
44.95590578,9.68215395
42.28529023,-71.61059411
41.17665482,29.08997726
40.91363162,38.37499746
42.4803051,-71.21540318
25.799396,-80.1275079
24.93563435,67.06251515
-23.58164817,-46.77811146
39.86917798,-86.24200313
22.279161,114.164565
13.75405858,100.54125309
13.75405858,100.54125309
40.44765285,-3.78396677
13.75405858,100.54125309
13.75476014,100.53982658
34.69135365,-118.16596957
37.34380556,27.32044458
34.69135365,-118.16596957
41.04359512,29.01547194
28.73319435,-81.11525212
25.26794493,51.55900955
-0.9657159,122.78391198
-2.170164,-79.91001
-2.16564435,-79.90863726
51.85322394,107.51185571
37.67805583,-97.37134851
41.47918094,1.92608356
51.50772073,-0.13047606
13.746354,100.531577
12.908458,100.893051
41.749876,-88.316102
40.74983959,-73.97607587
22.5691825,88.3538894
-7.693166,112.636793
48.23749427,-122.43420462
41.80769992,-88.07931446
14.60412559,121.04873657
-6.14547163,106.89175903
35.51749052,140.09900008
13.98759484,100.67477346
13.98759484,100.67477346
6.1348159,100.3836289
44.30289583,9.2106556
44.30331654,9.2095685
-7.06072466,113.94346157
36.42782862,-5.14821338
-7.77374227,110.36870801
42.012698,3.190488
41.04743835,28.04530129
-6.19217124,106.82251453
41.76361375,-88.39344465
42.71948333,-5.40193906
41.39174818,2.15834543
27.27412297,-82.56418705
27.27023331,-82.56297102
51.51196094,-0.12277544
51.513951,-0.110591
45.30049031,10.54208126
-20.29421533,-40.28622687
-35.14781036,-70.08067131
0.45082366,101.45339367
40.75711,-73.997287
52.45472579,-2.09040268
34.53549024,10.56995929
-8.67290708,115.16042611
46.68643437,7.85753398
3.08473098,101.41421245
39.074456,1.590853
14.39299396,121.03815455
-8.20296,114.37994
-33.44183992,-70.66128686
43.50791175,16.43983841
38.79613994,30.39367902
28.48634555,-81.4310503
44.15649996,-81.65475424
32.82277881,-116.93089464
25.68876865,-100.3587566
46.06366667,13.23166667
14.61167,121.0212
-34.6004553,-58.36445376
41.89162375,-87.60886431
36.67376127,27.50740813
41.87133333,-87.75433333
52.52376435,13.40926945
35.68082969,135.97503662
39.03009477,-76.67087699
40.1998361,-85.39662332
12.35460141,99.99761224
53.42578744,-1.27726618
19.15339412,-96.11122832
41.87576829,-87.61725426
41.87576829,-87.61725426
41.76449365,-87.68367506
35.68082969,135.97503662
41.76449365,-87.68367506
15.16688222,104.16337339
36.38316751,30.45115261
53.36588826,-2.92199734
40.97782453,28.82241726
41.87576829,-87.61725426
1.35930496,103.85061085
55.7874037,37.7466696
41.87576829,-87.61725426
37.74758917,-120.90266137
23.61628171,58.21246622
41.76057719,-87.76206739
29.78524074,-95.66988334
-23.59047751,-46.67368589
14.46052819,120.98189615
35.68082969,135.97503662
47.65107554,-122.35427595
38.37843461,141.07300401
43.6766251,10.54893494
5.33079892,103.1467281
3.58624785,98.67396355
-4.14491,122.174605
27.761046,-98.085773
4.01519527,98.28948241
41.91244952,12.48458862
41.91244952,12.48458862
39.76964298,3.02566437
14.45135656,121.01826507
0.50042208,101.46813517
40.74601753,-73.98153658
39.8523506,-74.98328269
54.97916224,-7.21524166
25.37467992,49.5658785
41.39950936,-81.73261056
35.34009911,33.30932796
35.34009911,33.30932796
41.57922844,-74.48381466
42.54789108,-2.66496231
40.03470354,-76.26190784
10.97077617,-74.80449979
10.97077617,-74.80449979
10.97077617,-74.80449979
10.9708079,-74.80450464
10.97075149,-74.80448931
55.6095,12.998166
-31.75273913,115.77119473
-0.30185892,100.13020028
-17.61421776,-149.61471558
35.34733579,33.25570224
3.11901205,101.62952391
28.47715038,-81.46923526
43.491662,-3.52884293
39.07547664,1.59194469
1.4185248,125.095414
48.86940095,2.78095722
34.04029007,-118.44319569
34.14831811,-117.75283093
44.06351076,-93.22191814
48.85562343,2.31257915
48.86095985,2.33581781
48.86372665,2.31353402
14.56062904,121.01598026
18.01307453,-66.62445582
14.55527199,121.01740827
47.45636494,10.99385977
35.8334263,138.39101424
14.53225348,120.98383784
15.03444178,120.67950368
38.79366904,-77.45732144
49.37266667,28.51033333
15.03444178,120.67950368
41.96452009,-87.74725175
41.96452009,-87.74725175
41.00535028,28.9768374
33.51928,-7.64319
35.72848363,139.71503431
37.53077822,126.92826748
28.66012471,48.3921392
24.46702178,54.60545518
22.312969,114.042111
10.31212208,123.91757369
18.46551671,-66.11636463
41.0044029,28.9586867
2.9017589,101.67073857
38.947193,1.444684
-6.14558971,106.87573493
32.76448135,-117.22874254
40.44168877,-80.00643253
55.7046841,37.53431839
21.3525,40.42583333
40.61455224,28.95355536
41.88206,-87.62779
42.29976744,-5.89748922
25.03170715,121.51932478
5.3307974,103.14672409
41.89767059,-87.68691954
41.89767059,-87.68691954
25.26570646,55.3577517
43.88533601,26.50505304
30.58418109,-97.85761714
30.58418109,-97.85761714
40.43349185,-3.64723253
44.494188,-81.262401
29.06567555,-110.98520114
57.73341737,12.92849159
53.56432578,-2.33172158
48.6712626,2.3480997
44.65733762,4.76105993
-23.97113653,-46.35007381
51.05099899,-114.08484221
22.59741083,120.33516169
47.737991,13.434856
-3.74959316,-38.47086411
60.22739335,24.85114471
-23.5115194,-46.5490177
14.46052819,120.98189615
42.35843398,-71.02752813
36.12036406,-115.17307375
0.43807557,101.48221493
41.45961926,-75.58967758
-6.2039253,106.82448864
14.61167,121.0212
45.81421084,15.9969755
47.24001624,-93.37637285
40.65724037,29.25981989
49.37266667,28.51033333
22.03883333,96.455
25.34448105,74.63240046
13.76706428,100.44278683
25.77756471,-80.35287149
25.77756471,-80.35287149
42.27503476,-8.73970213
41.6523537,-4.73119618
48.87357376,2.32354981
41.87576829,-87.61725426
-39.80676359,-73.25084705
37.548854,-77.470704
37.81646299,-122.37162352
14.55220329,121.02455378
36.81986885,-119.77571751
13.74663858,100.49207211
40.84207043,29.42793926
21.484328,39.254418
40.81560052,36.83286127
40.42019807,-3.69609474
36.99283204,27.53067323
-22.99855444,-43.2539146
-34.58622992,-58.44922582
-39.71950791,-73.40324419
29.52613358,-98.64068312
40.7603257,-73.96356583
47.22972308,11.41783856
36.85499545,30.74399499
43.72295347,10.39661229
-32.03578178,115.78797662
54.18081255,12.08442604
40.65732708,29.26341736
1.25646056,103.82135868
45.71011119,-121.84097621
14.59401322,-90.50419538
40.88409,-73.915084
41.90329915,12.46613503
41.89762942,12.49842882
41.89762942,12.49842882
41.89762942,12.49842882
41.90596615,12.48207808
41.90596615,12.48207808
41.89762942,12.49842882
41.89762942,12.49842882
40.75990312,-73.98034573
-2.97510405,104.73364977
-6.1352906,106.78083309
34.65125891,135.58114601
14.76119309,120.98719613
34.91430283,137.00778198
53.30587188,-1.47635121
-24.112552,-49.328581
10.52067061,-66.90770111
40.41203153,27.77946809
-6.93349433,106.92908265
39.92467137,32.82510996
-2.96983037,104.72748191
40.39954232,27.79399395
40.81433604,29.27852694
43.63461684,-79.4128325
-23.20493465,-46.77489871
-33.90368993,151.26839161
42.79853245,-77.81190157
14.43216514,121.01024563
-16.68933333,-49.28133333
1.152161,104.0100529
15.12105277,120.60087061
43.35959269,-5.84904345
14.65183559,120.94747468
14.55202675,121.02222562
34.77284912,10.73387738
-24.11390893,-49.33671784
-2.170164,-79.91001
33.55656854,-117.67004385
-23.53188885,-46.7141767
-23.53188885,-46.7141767
-6.620317,107.499346
35.66003027,139.699857
14.31288353,121.09904005
60.08366341,24.40329594
40.10858378,-3.6518607
-22.88316667,-42.0085
12.9488218,100.90473383
-6.16826045,106.78640319
38.31575553,27.13818006
44.85891092,-79.29227829
-23.55358743,-46.70281834
29.61418664,-98.61771823
-34.920651,-56.169684
33.64066911,-84.43606853
-0.10416667,-78.49766667
35.65991112,139.69989993
46.07440195,13.23473736
41.02760433,29.11786626
36.39583839,10.61284012
-7.81799525,110.38333522
41.96604894,2.8065869
40.63496608,29.27521919
40.63496608,29.27521919
45.01147932,39.12257195
-2.19112061,113.88821719
42.61729838,-6.41805475
34.2739545,-110.06877375
10.59780057,-67.000206
44.92157598,-79.37304038
-34.61811106,-58.38085413
41.07111671,1.14919311
40.73084425,-73.9973563
22.278069,114.159554
35.83342219,138.39101043
40.44482833,-3.70315333
14.45158435,120.97762585
14.63345,121.04803
40.88420238,-74.3573123
-32.9787647,-71.52881616
18.29630664,-66.89046204
28.50606649,-81.40800031
49.2345114,-122.8667593
3.05609338,103.08292505
48.76464089,2.47215748
29.30302071,47.93974777
32.55434265,34.94748357
42.348824,-71.823193
14.42277205,121.02898855
48.68500236,2.41728174
41.6124837,-0.91997729
36.78406068,34.58920956
45.54862273,-94.16412589
25.88685619,-80.37007063
39.46086512,-4.41005852
53.98054728,-1.10502918
18.08149722,-66.37053067
45.4336656,12.33840823
39.23780861,-119.94432846
39.23780861,-119.94432846
33.05283333,-117.30166667
-37.82322617,144.95723963
33.05283333,-117.30166667
-12.96313886,-38.47108743
42.22366943,-87.89977658
35.63685521,139.69314214
-6.2642372,106.9750067
-32.97883251,-71.52844246
19.35900827,-98.9768815
40.75688403,-73.98656309
-37.82113887,144.96165412
41.906046,12.47967482
53.20168266,-6.10819107
20.60620558,-100.39684803
-33.39893916,-70.57275198
47.99606,7.849446
40.96453854,28.79962784
3.1596917,101.70969844
38.26366806,26.31583405
24.69277461,46.68562764
51.33471356,-0.08791137
3.09833,101.70624
41.749876,-88.316102
41.749876,-88.316102
52.375426,4.525977
-6.2095774,106.7816902
-8.68235026,115.15166056
47.46340841,19.02248383
39.81900841,26.16394067
40.06620308,-74.09291955
40.55623424,14.24033507
41.10985542,29.03106723
26.306753,-80.07633628
-6.21764804,106.84125765
38.32085157,26.3033402
45.46438459,9.18992433
40.92538253,29.14487928
50.0295,36.3495
-34.60576669,-58.49850655
40.09909374,-75.00284269
34.10011961,-118.34035055
30.43740989,-84.36327745
14.58740443,121.06456161
40.63555946,29.27552557
44.64605532,10.92592084
17.12351484,-62.5892451
59.33846834,18.05684456
45.43398181,12.33829021
29.44735532,48.27549695
52.284726,104.271715
9.512544,123.152498
29.31107468,47.73129664
38.89131,1.39686886
40.0783998,-74.9228096
40.87472788,29.1311391
48.77589571,2.60890803
39.91784253,116.44294544
51.87468872,-0.52001529
45.761008,4.856106
18.41597914,-66.0753814
18.41597914,-66.0753814
18.41597914,-66.0753814
30.31276459,-97.77132511
-22.7518673,-45.5573883
-23.53796325,-46.69309616
-23.57746037,-46.17760229
-23.54599561,-46.81006301
-23.46418621,-46.0986441
-23.54599561,-46.81006301
45.434019,12.340243
45.4339784,12.33457862
50.923668,5.918538
-22.97924954,-43.19094123
40.7473535,-73.99187258
-5.53994002,-47.47355906
36.12105988,-115.17603672
53.18914508,50.13323417
-6.13052745,106.65299892
-6.21484854,106.81049501
47.56704981,7.6067467
50.51899371,-4.83866066
53.34540695,-6.26413966
24.12436175,55.69940833
-2.66019076,120.46694127
14.55683479,121.02406025
29.47315167,-98.53559109
25.11846656,55.19861698
38.40477064,27.12664857
41.09033292,29.05440688
40.97781383,28.74486164
30.355757,-97.733779
30.28727219,-81.45935833
-0.10416667,-78.49766667
24.41552428,54.58833812
35.60001458,139.61220697
41.06939783,28.92260456
47.55427341,10.73611427
10.31123542,123.91916156
23.55341521,58.35684911
38.71384449,-9.12199974
38.71384449,-9.12199974
52.47901656,-1.93745613
40.71351936,0.83516936
35.61012792,-78.56787206
51.98896536,4.6690433
51.27804031,4.47066538
29.51834904,-98.49589873
41.39957187,2.16480894
-8.6840407,115.16303247
35.63690259,139.69314471
67.282998,14.411272
-23.54020587,-46.72893047
-23.54020587,-46.72893047
-23.51349256,-46.70203039
-22.97056368,-43.18111897
-22.97056368,-43.18111897
-22.97056368,-43.18111897
37.3900795,126.65187836
-22.97056368,-43.18111897
-22.96128635,-43.27367877
-22.96303239,-43.27549615
54.56416473,-5.86128969
3.43474,114.745738
52.36789154,5.21733434
-33.40431542,-70.5950708
55.73800794,37.66274214
26.29496853,50.19965791
37.44511911,25.32885075
34.43775335,35.83485799
51.40548362,-0.1662704
43.58592089,39.7322942
40.0880877,-74.80877169
41.81827038,-71.37803989
50.93184916,11.29289545
24.12260725,55.69350206
40.75711,-73.997287
59.71773955,10.83607866
59.9491116,10.77170849
-34.612054,-58.365666
3.17544378,101.69987703
24.13874588,55.70872859
24.13874588,55.70872859
1.94470257,102.65032923
37.44511911,25.32885075
43.28580282,13.74328799
13.8058954,100.86208039
22.61611082,114.03579483
41.28191843,2.09145784
41.50684797,-81.51549793
24.22487639,55.73048276
24.22487639,55.73048276
24.81749243,46.74360922
18.3691343,-66.07779488
-32.9787647,-71.52881616
54.03386148,45.41994343
-15.94716667,-48.2615
5.17741919,97.15184784
3.15647794,101.72249794
55.16202901,61.38092549
41.00997085,28.65990015
-8.69547189,115.26348589
3.21006465,101.7465198
13.73408211,100.53401986
9.68321,100.05470322
38.35701959,-77.50108454
38.18922222,-85.64026773
5.40920427,100.41377306
40.8104247,0.52132185
3.1543308,101.74971413
52.476443,-1.898086
22.18620292,113.53124499
38.13813745,13.34988702
48.14501609,11.55290327
29.48217616,-98.60733747
24.20193946,55.69706706
36.51503291,-6.27586664
38.326472,26.760816
40.89897483,0.43226389
39.44033333,-76.7995
24.68950298,46.6867974
43.64280728,-79.3809633
51.60681278,-0.14614147
38.97259349,-92.38666169
19.36323157,-98.97108752
58.07833011,13.018713
-6.24448438,106.85738984
-6.21630067,106.83973795
3.1543308,101.74971413
9.510892,123.153514
41.00645949,28.97764206
5.17741919,97.15184784
53.39052684,-2.9480907
60.33020945,25.00711766
14.03555526,121.16071125
29.30135114,48.08888555
41.22316667,1.71316667
49.37266667,28.51033333
40.82496542,-73.40364822
43.69436057,-7.45233663
41.11781937,-85.10154028
54.32763268,-2.75707399
40.25506928,-3.69782636
30.27751862,-97.75141841
40.49832109,-3.67557829
34.91430283,137.00778198
37.49600494,127.02975063
35.688361,140.103478
55.80321958,37.58318381
-24.112552,-49.328581
39.87678777,18.13587499
-3.74964891,-38.47083597
4.298043,73.010144
44.99937842,41.11892063
40.20626296,-75.51071459
20.60803699,-100.39225866
51.25917559,-0.37415743
51.25917559,-0.37415743
40.98746603,28.88664772
35.688361,140.103478
35.63691237,139.69307547
-33.93972702,18.42751864
37.52494984,126.93881393
13.74602371,100.53459048
55.90278175,-4.34303156
39.89484758,116.38790472
39.89484758,116.38790472
14.55197483,121.02202177
37.00023821,35.32306107
50.66312196,13.86581981
-34.85290377,-56.19817972
37.87362868,32.48499234
29.53083109,-98.57941767
39.29459429,-102.49631114
35.688361,140.103478
24.51187119,55.76496393
37.550822,126.922695
40.48627612,-3.58978956
41.749909,-88.31602
3.20762951,101.71935098
13.84470698,100.56612627
37.92902426,58.3716651
25.25231214,55.52748113
53.24883732,-1.46801026
33.65946766,73.00473363
53.22820979,-4.12225086
40.94071648,29.15650875
53.24883732,-1.46801026
25.19771867,55.27897596
40.98913909,29.12662268
51.49916581,-0.16288519
38.39721112,27.03376448
47.65545626,23.5335836
47.65934654,23.58165979
17.17218041,42.64982414
33.65946766,73.00473363
26.16280389,50.52692553
-12.08901426,-76.99074711
-22.57376398,-43.18012051
52.54299422,13.4189415
45.43986205,10.86446658
22.02951089,96.45491461
40.48802484,-3.35499762
41.36832301,-81.76448058
41.12801926,16.87165797
30.28261444,-97.73663655
40.12542528,-3.66152925
44.95221601,-123.02752222
39.98844615,-74.20207147
14.51223479,120.99343169
30.21772727,-97.79655933
55.57034233,38.22852244
42.30782754,14.44516513
34.98361195,137.04963397
-23.49529711,-46.55639729
20.61336578,-100.41281811
65.58427445,22.19622157
44.119626,39.06274
44.85679926,-93.56908944
44.38065615,7.54407973
52.66059133,-8.61625699
-24.112552,-49.328581
41.18616029,1.56278952
44.56392355,11.35406132
41.4064911,27.35361114
19.15879344,72.78598911
45.01147932,39.12257195
36.85602511,31.03870325
-0.05001113,109.30603816
3.156033,101.623207
8.51334129,-82.61827822
39.92484415,32.83690095
37.69162056,-85.77466943
34.91430283,137.00778198
19.4551859,-99.2003047
27.78234199,-82.65194415
